priority,rule_id,kind,pattern,cluster_id,note
1,vague_exact,vague,^(general( studies| education)?|liberal (arts|studies)( studies)?|liberal arts and sciences?|interdisciplinary( studies)?|multidisciplinary studies|arts|other|ba|aa|ma|ms|bs|arts and sciences|bachelor of arts|bachelor of science|b sc|bsc)$,,Too broad to place in any one cluster
2,cs_and_engineering,phrase,\bcomputer science (and )?engineering\b,9,"The CSE degree is treated as computing (review decision), with or without 'and'"
3,io_psychology,phrase,\b(i o|io) psychology\b|\bindustrial (and )?organi[sz]ational psychology\b|\bi o psych\b,1,Industrial/organisational psychology (review decision)
4,educational_psychology,override,\beducational psychology\b,14,You specified: educational psychology goes to 14
5,law_enforcement,override,\blaw enforcement\b,2,"You specified: law enforcement goes to 2, not Law"
6,veterinary,override,\bveterinar,12,You specified: veterinary anything goes to 12
7,interior_design,override,\binterior (design|architecture)\b,4,"Listed under 4, although architecture is 10"
8,art_history,override,\b(art history|history of art)\b,4,You specified: art history goes to 4
9,subject_education,override,\b(music|art|english|business) education\b,14,Kenyan subject-teaching degrees are B.Ed programmes (KUCCPS cluster 19)
10,arts_therapy,override,\b(art|music|dance|drama) therapy\b,1,Therapy professions are counselling-type (judgement)
11,software_eng,override,\bsoftware (engineering|engineer|development|developer)\b,9,Software engineering is listed under 9
12,web_game_dev,override,\b(web|game) (design|development|developer)\b,9,"Computing, not Creative Arts"
13,mis,override,\b(management information systems?|information systems? management)\b,9,MIS is listed under 9
14,construction_mgmt,override,\bconstruction (management|technology)\b,10,Construction is listed under 10
15,urban_planning,override,\b((urban|city|regional|town) planning|urban design|landscape architecture)\b,10,Built environment (judgement)
16,speech_hearing,override,\b(speech (and )?(language )?pathology|audiology|communication (sciences and )?disorders)\b,12,Speech/hearing professions are health (judgement)
17,public_admin,override,\bpublic (administration|policy|affairs|management|service)\b,2,Public administration is listed under 2
18,educ_leadership,override,\b(educational|education) (administration|leadership)\b,14,Education leadership (judgement)
19,mental_health_counsel,override,\b(mental health|behavioral health|rehabilitation) counsel\w*\b,1,Counselling is listed under 1
20,engineer,strong,\b\w*(engineer|enginer|engeneer)\w*\b|\benginering\b,10,"You specified: all engineering goes to 10 (incl. biomedical, computer, environmental)"
21,psych,general,\b(psychology|psycology|pyschology|psycholgy|pschology|phsychology|psychologist|psychological|pyschologist|psych|psychol|psyc|psychologu|psychlogy|psyhology|pychology|paychology|psycholoy|psicologia|psycologia|psychotherap\w*|biopsychology|neuropsychology|behavio(u)?ral (science|sciences|studies))\b,1,psychology and typos
22,counsel,general,\bcounsel\w*\b,1,counseling / counselling / counselor
23,social_sci,general,\b(sociolog\w*|socialog\w*|politic\w*|politcal|politolog\w*|poli sci\w*|social work\w*|social (science|sciences|studies|services)|criminal justice|criminolog\w*|anthropolog\w*|international (relations|studies|affairs)|human services?|government|policing|diplomacy|peace studies|cultural studies|culture studies|gender studies|global (studies|affairs)|development studies|(community|international) development|social policy|justice studies)\b,2,social sciences and public affairs
24,media,general,\b(communicat\w*|comunicat\w*|comm|pr|video production|journalis\w*|advertis\w*|public relations|media|films?|filmmaking|broadcast\w*|television|radio|cinema\w*|screenwriting|publishing|multimedia)\b,3,media and communication
25,creative,general,\b(fine arts?|art|graphic\w*|fashion|design|music\w*|theat(re|er)|photograph\w*|drama|dance|animation|painting|sculpture|ceramics|illustration|visual arts?|performing arts|acting|designers?|vocal performance)\b,4,"arts, design and music"
26,humanities,general,\b(english|engish|enlish|history|philosoph\w*|philosph\w*|litterature|literatur\w*|rhetoric|bible|ministries|filipino|hispanic studies|linguistic\w*|literature|literary|languages?|french|german|spanish|japanese|chinese|korean|russian|arabic|italian|portuguese|latin|greek|swahili|hebrew|translat\w*|classics|classical|archaeolog\w*|archeolog\w*|humanities|theolog\w*|religio\w*|divinity|ministry|biblical|philolog\w*|creative writing|writing|american studies|african studies|asian studies|european studies)\b,5,"languages, literature and humanities"
27,law,general,\b(law|laws|legal|prelaw|pre law|jurisprudence|paralegal|lawyer|attorney)\b,6,law
28,business,general,\b(business\w*|busines|buisness|bussiness|busness|bba|mba|management|managment|marketing|b com|bcom|international trade|human resources?|hr|hrm|commerce|hospitality|tourism|hotels?|restaurant|culinary|entrepreneur\w*|administration|admin|sales|retail|supply chain|logistics|operations|merchandising|leadership|property|real estate|procurement|purchasing)\b,7,business and management
29,econ_math,general,\b(econ\w*|acc?ount\w*|finance|financial|finanace|banking|investment|cpa|audit\w*|taxation|bookkeeping|actuarial|math\w*|maths|statistic\w*|quantitative)\b,8,"economics, finance, accounting and maths"
30,computing,general,(\b(computer|computers|computing|computational|cs|compsci|comp sci|comp science|information technology|information tech|information security|networking|information systems?|ict|mis|cis|software|programming|cyber ?security|data science|data analytics|informatics|database\w*|artificial intelligence|machine learning|network (administration|engineering|security|technology))\b|^(it|i t)( |$)),9,computing and IT
31,built_env,general,\b(mechanical|electrical|electronics?|civil|aerospace|aeronautical?|mechatronics?|robotics|automotive|petroleum|mining|architecture|architect|architectural|construction|quantity survey\w*|surveying|structural|aeronaut\w*|drafting)\b,10,engineering-type fields written without the word engineering
32,natural_sci,general,\b(biolog\w*|bio|chemistry|chem|physics|physic|biotech|bioscience|geophysic\w*|biochem\w*|microbiolog\w*|zoolog\w*|neuroscien\w*|biotechnolog\w*|biomedical|biomedicine|geolog\w*|geoscien\w*|earth sciences?|physiolog\w*|genetics?|astronom\w*|astrophysics|molecular|botany|marine (biology|science|sciences)|applied science|natural sciences?|physical sciences?|life sciences?|biophysics|immunolog\w*|toxicolog\w*)\b,11,natural and physical sciences
33,health,general,\b(nurs(e|es|ing)|medicine|medical|medic|pharmac\w*|public health|dentist\w*|dental|(occupational|physical|speech|respiratory|massage) therapy|physiotherap\w*|health ?care|health( sciences?| studies| services)?|nutrition\w*|dietetics?|kinesiolog\w*|exercise (science|physiology)|sports? (science|sciences|medicine)|radiolog\w*|paramedic|epidemiolog\w*|midwi\w*|optometry|surgery|clinical laboratory|medical laboratory|pre ?med|premed|pre ?dental|pre ?pharm\w*|physician|athletic training|rehabilitat\w*|rehab|sonograph\w*|anesthesi\w*|psychiatr\w*|podiatry|radiograph\w*|paramedic\w*|anatomy|doctor|bsn|recreational therapy)\b,12,"health, medicine and sport science"
34,agri_env,general,\b(geograph\w*|environment\w*|agricultur\w*|agri|agronom\w*|animal (science|sciences|husbandry)|forestry|horticultur\w*|sustainab\w*|natural resources?|wildlife|conservation|agribusiness|ecolog\w*|fisheries|soil|climate|meteorolog\w*|food (science|technology|sciences)|crop|dairy|poultry|aquaculture)\b,13,"agriculture, environment and geography"
35,education,general,\b(education|educational|teaching|teacher|teachers|pedagog\w*|early childhood|elementary|kindergarten|curriculum|special ed|instructional|tesol|tesl|tefl|esl)\b,14,education and teaching
