cluster_id,name,kuccps_clusters,description
1,Psychology & Counselling,3,"Psychology and counselling degrees; people-focused, investigative, helping professions."
2,Social Sciences & Public Affairs,"3, 14","Sociology, politics, social work, criminal justice, anthropology, international relations, public administration."
3,Media & Communication,3,"Communication, journalism, advertising, public relations, film and media."
4,"Creative Arts, Design & Music","3, 11, 18","Art, design, music, theatre, dance, photography and other creative-production degrees."
5,"Languages, Literature & Humanities","14, 17, 20, 3","English, history, philosophy, linguistics, modern and classical languages, theology and religion, archaeology."
6,Law,1,"Law, legal studies and pre-law."
7,Business & Management,2,"Business, management, marketing, human resources, commerce, hospitality, tourism."
8,"Economics, Finance, Accounting & Maths",10,"Economics, accounting, finance, mathematics, statistics, actuarial science."
9,Computing & IT,7,"Computer science, information technology and systems, software and cyber security."
10,Engineering & Built Environment,"5, 6","All engineering disciplines, architecture, construction, surveying and urban planning."
11,Natural & Physical Sciences,"9, 4","Biology, chemistry, physics, geology, biochemistry, neuroscience, biotechnology."
12,"Health, Medicine & Sport Science","13, 12, 15","Nursing, medicine, pharmacy, public health, therapy, nutrition, kinesiology and exercise science."
13,"Agriculture, Environment & Geography","8, 15, 16","Agriculture, forestry, animal science, geography, environmental science and studies."
14,Education,19,"Education and teaching degrees (elementary, special, early childhood, physical education)."
